Maturity,1,10,20,30,40,50,60,70,80,90,99
2025-07-25,0.2967,0.24100000000000002,0.2163,0.1972,0.1796,0.1632,0.1483,0.1363,0.1284,0.1257,0.15710000000000002
2025-07-31,0.3019302224634381,0.24406710182740524,0.21936439291598436,0.1997594127955229,0.18163704544988232,0.16430871162634955,0.1487560202197165,0.13653813616100072,0.1284585948476796,0.1258651121861445,0.15694744272573616
2025-08-15,0.3068673792202252,0.24751279654178968,0.22233958849038815,0.20265366800742046,0.1843343140673802,0.16671795303135747,0.15065351506881297,0.13754625519079,0.12780346101170903,0.12762502090878844,0.1581396263824934
2025-08-29,0.31123674321367617,0.2507159083655408,0.22518069735842056,0.20540928519554205,0.186975031903989,0.16909169772417282,0.15210048947079127,0.1376947807050755,0.12735351796350036,0.12519714128345838,0.15781927604981827
2025-09-19,0.3171136786412149,0.2551152557194699,0.22909458007041117,0.20921539708820192,0.19063631677482815,0.17237941034472587,0.15402408525869488,0.13775846128940217,0.1267623286751938,0.12119682187433478,0.15758371070520505
2025-09-30,0.318783029840312,0.25628961304229386,0.2301252917344174,0.21021151368678465,0.19157919428749387,0.1732271580331901,0.15460684685333062,0.13793321500093164,0.12657333855917405,0.12088716731653867,0.15750074961594585
2025-10-17,0.32186844125365455,0.25835280534026905,0.23193040278279534,0.2119414977052171,0.19320846987558077,0.17469920700194402,0.15567166472897614,0.13832242890105828,0.12623270275893184,0.12079190990527036,0.15683781924107026
2025-10-31,0.3240143893530971,0.2599273906123657,0.23330492766794914,0.21328521124276803,0.19447729221035326,0.1758314056138774,0.1564648929455481,0.13860843243254958,0.1259678307699959,0.12067551346203313,0.1574014726508059
2025-11-21,0.32642817033877847,0.26132416779262413,0.23459238357876744,0.21444977166624873,0.19562058540888624,0.1769087320253209,0.156992821785661,0.13830959859665806,0.12586400729596928,0.1178317823581171,0.15355190159395782
2025-12-19,0.3287517759309539,0.26269215509774224,0.23580932266236423,0.21557281880951912,0.19668688963445455,0.17789696114076042,0.15766778178209362,0.13843090480706713,0.12567395007762913,0.11702030147591896,0.15115491213502702
